{"cameraMode":{"drawMode":0,"name":"Shaded","section":"Shading Mode"},"sceneLighting":false,"audioPlay":false,"sceneViewState":{"showFog":true,"showMaterialUpdate":false,"showSkybox":false,"showFlares":true,"showImageEffects":true,"showParticleSystems":true},"in2DMode":false,"pivot":{"x":3.5762786865234377e-7,"y":1.087499976158142,"z":-33.030784606933597},"rotation":{"x":-0.14111784100532533,"y":0.6319401860237122,"z":-0.11771728843450546,"w":-0.7530090808868408},"size":2.331040859222412,"orthographic":false}